,paper,scissors,rock
precision,0.8830409356725146,0.9585798816568047,0.9859154929577465
recall,0.967948717948718,0.9418604651162791,0.9090909090909091
f1-score,0.9235474006116208,0.9501466275659824,0.9459459459459459
