,paper,scissors,rock
precision,0.8847826086956522,0.9053030303030303,0.9343544857768052
recall,0.8733905579399142,0.956,0.8914405010438413
f1-score,0.8790496760259178,0.9299610894941633,0.9123931623931623
