,paper,scissors,rock
precision,0.9210526315789473,0.935672514619883,0.9622641509433962
recall,0.89171974522293,0.9815950920245399,0.9444444444444444
f1-score,0.9061488673139159,0.9580838323353292,0.9532710280373832
