,paper,scissors,rock
precision,0.9790209790209791,0.9887005649717514,0.9691358024691358
recall,0.9655172413793104,0.9831460674157303,0.9874213836477987
f1-score,0.9722222222222222,0.9859154929577465,0.9781931464174456
