,paper,scissors,rock
precision,0.8057142857142857,0.8533333333333334,0.8535031847133758
recall,0.8650306748466258,0.7710843373493976,0.8758169934640523
f1-score,0.834319526627219,0.8101265822784811,0.864516129032258
