,paper,scissors,rock
precision,0.8224852071005917,0.8522727272727273,0.9416058394160584
recall,0.9025974025974026,0.8875739644970414,0.8113207547169812
f1-score,0.8606811145510836,0.8695652173913043,0.8716216216216216
