,paper,scissors,rock
precision,0.9342105263157895,0.8820224719101124,0.9539473684210527
recall,0.8765432098765432,0.9631901840490797,0.9235668789808917
f1-score,0.9044585987261147,0.9208211143695015,0.9385113268608415
