,paper,scissors,rock
precision,0.9383886255924171,0.9082397003745318,0.9652351738241309
recall,0.8780487804878049,0.9897959183673469,0.9365079365079365
f1-score,0.9072164948453609,0.9472656249999999,0.9506545820745216
