,paper,scissors,rock
precision,0.7843137254901961,0.8775862068965518,0.8497536945812808
recall,0.8108108108108109,0.960377358490566,0.732484076433121
f1-score,0.7973421926910299,0.9171171171171171,0.7867730900798175
