,paper,scissors,rock
precision,0.9673202614379085,0.9883040935672515,0.9683544303797469
recall,0.961038961038961,0.9941176470588236,0.9683544303797469
f1-score,0.9641693811074918,0.9912023460410556,0.9683544303797469
