,paper,scissors,rock
precision,0.9738562091503268,0.9567901234567902,0.9461077844311377
recall,0.9197530864197531,0.96875,0.9875
f1-score,0.946031746031746,0.9627329192546583,0.9663608562691132
